decision,borrower_count,actual_default_count,actual_default_rate,total_loan_amount,total_expected_loss,avg_expected_loss,actual_default_rate_pct
Approve,2686,72,0.02680565897244974,25381100,1457519.281329749,542.6356222374344,2.680565897244974
Manual Review,1666,154,0.09243697478991597,13942550,1628588.7054861852,977.5442409881064,9.243697478991598
Reject,2130,1192,0.5596244131455399,23129625,7532228.04951383,3536.2573002412346,55.96244131455399
