loan_intent,borrower_count,default_count,default_rate
DEBTCONSOLIDATION,5189,1488,28.676045480824826
MEDICAL,6042,1617,26.762661370407148
HOMEIMPROVEMENT,3594,940,26.154702281580413
PERSONAL,5496,1093,19.887190684133916
EDUCATION,6409,1106,17.256982368544236
VENTURE,5679,844,14.86177143863356
