person_home_ownership,borrower_count,default_count,default_rate
RENT,16374,5176,31.611090753633807
OTHER,106,33,31.132075471698112
MORTGAGE,13366,1687,12.621577136016759
OWN,2563,192,7.491221225126804
