loan_grade,borrower_count,default_count,default_rate
A,10702,1066,9.960754999065594
B,10384,1695,16.323189522342066
C,6436,1336,20.758234928527035
D,3619,2137,59.049461177120754
E,963,621,64.48598130841121
F,241,170,70.53941908713693
G,64,63,98.4375
