risk_band,borrower_count,actual_default_count,actual_default_rate,avg_predicted_pd,total_loan_amount,avg_loan_amount,total_expected_loss,avg_expected_loss,actual_default_rate_pct,avg_predicted_pd_pct
Very Low Risk,115,0,0.0,0.039632904899220764,1031100,8966.08695652174,18253.834434509245,158.7289950826891,0.0,3.9632904899220764
Low Risk,765,5,0.006535947712418301,0.07802032167883781,7186775,9394.477124183006,251956.6643414614,329.3551167862241,0.6535947712418301,7.802032167883781
Medium Risk,1806,67,0.03709856035437431,0.15320875167566628,17163225,9503.44684385382,1187308.7825537783,657.424575057463,3.709856035437431,15.320875167566628
High Risk,1666,154,0.09243697478991597,0.2624670972931763,13942550,8368.877551020409,1628588.7054861852,977.5442409881064,9.243697478991598,26.24670972931763
Very High Risk,2130,1192,0.5596244131455399,0.6962708558954609,23129625,10858.978873239437,7532228.04951383,3536.2573002412346,55.96244131455399,69.62708558954608
