risk_band,borrower_count,actual_default_count,actual_default_rate,avg_predicted_pd,actual_default_rate_pct,avg_predicted_pd_pct
Very Low Risk,115,0,0.0,0.039632904899220764,0.0,3.9632904899220764
Low Risk,765,5,0.006535947712418301,0.07802032167883781,0.6535947712418301,7.802032167883781
Medium Risk,1806,67,0.03709856035437431,0.15320875167566628,3.709856035437431,15.320875167566628
High Risk,1666,154,0.09243697478991597,0.2624670972931763,9.243697478991598,26.24670972931763
Very High Risk,2130,1192,0.5596244131455399,0.6962708558954609,55.96244131455399,69.62708558954608
